Ticker,Name ,RetYTD
A,Agilent Technologies ,-0.208
AA,Alcoa Corp ,0.4731
AAL,American Airlines Gp ,0.0579
AAN,Aarons Holdings Company ,-0.1327
AAON,Aaon Inc ,-0.3456
AAP,Advance Auto Parts Inc ,-0.0884
AAPL,Apple Inc ,-0.0692
AAT,American Assets Trust ,-0.0384
AAWW,Atlas Air Ww ,-0.2727
ABBV,Abbvie Inc ,0.1987
ABC,Amerisourcebergen Corp ,0.2131
ABCB,Ameris Bancorp ,-0.1793
ABG,Asbury Automotive Group Inc ,-0.1104
ABM,ABM Industries Inc ,0.2069
ABMD,Abiomed Inc ,-0.1478
ABR,Arbor Realty Trust ,-0.0431
ABT,Abbott Laboratories ,-0.1638
ABTX,Allegiance Banc CS ,-0.0308
ABUS,Arbutus Biopharma Cp ,-0.2931
ACAD,Acadia Pharmaceutica ,0.0056
ACC,American Campus Communities Inc ,0.0115
ACCO,Acco Brands Corp ,-0.0702
ACGL,Arch Capital Grp Ltd ,0.1019
ACHC,Acadia Healthcr Company ,0.2359
ACIW,Aci Worldwide Inc ,-0.2078
ACLS,Axcelis Tech Inc ,-0.2432
ACM,Aecom Technology Corp ,-0.0138
ACN,Accenture Plc ,-0.2294
ACRE,Ares Commercial Real Estate Cor ,0.121
ACRS,Aclaris Therapts ,0.1699
ADBE,Adobe Systems Inc ,-0.2586
ADC,Agree Realty Corp ,-0.0196
ADI,Analog Devices ,-0.1096
ADM,Archer Daniels Midland ,0.4338
ADNT,Adient Plc ,-0.3024
ADP,Automatic Data Procs ,-0.0705
ADSK,Autodesk Inc ,-0.3004
ADTN,Adtran Inc ,-0.2199
ADUS,Addus Homecare Corp ,-0.0433
AEE,Ameren Corp ,0.0813
AEIS,Advanced Energy ,-0.1876
AEL,American Equity Investment Life ,0.0057
AEO,American Eagle Outfitters ,-0.3088
AEP,American Electric Power Company ,0.1469
AERI,Aerie Pharmaceuticals ,0.3048
AES,The Aes Corp ,0.0045
AFG,American Financial Group ,0.0681
AFL,Aflac Inc ,0.1189
AGCO,Agco Corp ,0.2197
AGEN,Agenus Inc ,-0.2733
AGIO,Agios Pharmaceuticals ,-0.1512
AGLE,Aeglea Biothera ,-0.5832
AGNC,Agnc Investment Corp ,-0.1702
AGO,Assured Guaranty Ltd ,0.2032
AGR,Avangrid Inc ,-0.019
AGX,Argan Inc ,-0.0439
AGYS,Agilysys Inc ,-0.1442
AHH,Armada Hoffler Properties Inc ,-0.065
AHT,Ashford Hospitality Trust Inc ,-0.1292
AIG,American International Group ,0.1085
AIMC,Altra Indtl Mtn ,-0.3091
AIN,Albany International Corp ,-0.0757
AIR,AAR Corp ,0.2944
AIT,Applied Industrial Technologies ,-0.0465
AIV,Apartment Investment and Management ,-0.1036
AIZ,Assurant Inc ,0.2146
AJG,Arthur J. Gallagher & Company ,0.0645
AJRD,Aerojet Rocketdyne Holdings ,-0.0768
AKAM,Akamai Technologies ,0.0167
AKBA,Akebia Therapeutics ,-0.7611
AKR,Acadia Realty Trust ,-0.0293
AL,Air Lease Corp Cl A ,-0.0206
ALB,Albemarle Corp ,-0.0979
ALBO,Albireo Pharma Inc ,0.5693
ALDX,Aldeyra Therapeu ,0.14
ALE,Allete Inc ,-0.0439
ALEX,Alexander and Baldwin Inc ,-0.1032
ALG,Alamo Group ,-0.0704
ALGN,Align Technology ,-0.3764
ALGT,Allegiant Travel Com ,-0.1513
ALK,Alaska Air Group ,0.0962
ALKS,Alkermes Plc ,0.2623
ALL,Allstate Corp ,0.1998
ALLE,Allegion Plc ,-0.1888
ALLY,Ally Financial ,-0.1342
ALNY,Alnylam Pharmaceuticals ,-0.0132
ALRM,Alarm.com ,-0.3027
ALSN,Allison Transmission Holdings ,-0.0327
ALX,Alexander's Inc ,0.0065
AMAT,Applied Materials ,-0.2796
AMBA,Ambarella Inc ,-0.5551
AMBC,Ambac Financial Group ,-0.448
AMC,AMC Entertainment Holdings Inc ,-0.3375
AMCX,AMC Networks Cl A ,0.1048
AMD,Adv Micro Devices ,-0.3533
AME,Ametek Inc ,-0.1359
AMED,Amedisys Inc ,-0.0504
AMG,Affiliated Managers Group ,-0.2082
AMGN,Amgen Inc ,0.1291
AMH,American Homes 4 Rent ,-0.0472
AMKR,Amkor Technology ,-0.2408
AMN,Amn Healthcare Services Inc ,-0.1498
AMNB,American Natl Bksh ,-0.039
AMOT,Allied Motion Tech ,-0.2491
AMP,Ameriprise Financial Services ,-0.0362
AMPE,Ampio Pharmaceuticals ,-0.2982
AMPH,Amphastar Pharma ,0.7836
AMRC,Ameresco Inc ,-0.2991
AMRK,A-Mark Precious Meta ,0.375
AMRS,Amyris Inc ,-0.1627
AMSC,Amer Superconductor ,-0.3695
AMSF,Amerisafe Inc ,-0.1356
AMSWA,Amer Software Inc ,-0.2831
AMT,American Tower Corp ,-0.1264
AMTX,Aemetis Inc ,0.0707
AMWD,Amer Woodmark Cp ,-0.2903
AMZN,Amazon.com Inc ,-0.09
AN,Autonation Inc ,-0.1317
ANAB,Anaptysbio Inc ,-0.3422
ANAT,Amer Natl Insurance ,0.0017
ANDE,Andersons Inc ,0.5084
ANET,Arista Networks Inc ,-0.1194
ANF,Abercrombie & Fitch Company ,-0.0098
ANGO,Angiodynamics Inc ,-0.169
ANIK,Anika Therapeutics ,-0.3528
ANIP,ANI Pharma Inc ,-0.3021
ANSS,Ansys Inc ,-0.2961
ANTM,Anthem Inc ,0.1147
AON,AON Plc ,0.0922
AOS,Smith A.O. Corp ,-0.257
AOSL,Alpha and Omega Semi ,-0.2588
APA,Apa Corp ,0.6244
APAM,Artisan Partners Asset Mgmt ,-0.217
APD,Air Products and Chemicals ,-0.1887
APEI,American Public Education ,-0.0157
APH,Amphenol Corp ,-0.1953
APLE,Apple Hospitality REIT Inc ,0.0941
APO,Apollo Asset Management Inc ,-0.2063
APOG,Apogee Entrpr Inc ,-0.0442
APPF,Appfolio Cl A ,-0.0667
APPS,Digital Turbine ,-0.3937
APTS,Preferred Apartment Communities ,0.3782
AR,Antero Resources Corp ,1.016
ARAY,Accuray Inc ,-0.3145
ARCB,Arcbest Corp ,-0.4229
ARCH,Arch Resources Inc ,0.8231
ARDX,Ardelyx Inc ,-0.1909
ARE,Alexandria Real Estate Equities ,-0.1201
ARES,Ares Management LP ,-0.0488
ARI,Apollo Commercial Real Estate ,0.0616
ARMK,Aramark Holdings Corp ,0.0046
ARNC,Arconic Corp ,-0.1845
AROC,Archrock Inc ,0.2888
AROW,Arrow Financial Corp ,-0.1079
ARR,Armour Residential R ,-0.1886
ARTNA,Artesian Res Cp A ,0.0004
ARW,Arrow Electronics ,-0.1877
ARWR,Arrowhead Pharma ,-0.2931
ASB,Associated Banc-Corp ,-0.0483
ASGN,On Assignment ,-0.0622
ASH,Ashland Global Holdings Inc ,-0.0134
ASIX,Advansix Inc ,0.0711
ASPN,Aspen Aerogels Inc ,-0.4694
ASTE,Astec Inds Inc ,-0.4266
ATEC,Alphatec Holdings ,0.0595
ATEN,A10 Networks Inc ,-0.2171
ATHX,Athersys Inc ,-0.4148
ATI,Allegheny Technologies Inc ,0.904
ATKR,Atkore Inc ,-0.175
ATLC,Atlanticus Holdings Cp ,-0.3819
ATNI,Atn International ,0.022
ATO,Atmos Energy Corp ,0.1429
ATOM,Atomera Inc ,-0.4369
ATOS,Atossa Therapeutics Inc ,-0.3063
ATR,Aptargroup ,-0.0415
ATRA,Atara Biotherap ,-0.4918
ATRC,Atricure Inc ,-0.1795
ATRI,Atrion Corp ,0.0397
ATRO,Astronics Cp ,-0.0025
ATRS,Antares Pharma ,0.5574
ATSG,Air Transport ,0.0688
ATVI,Activision Blizzard ,0.1864
AVA,Avista Corp ,0.0487
AVAV,Aerovironment Inc ,0.7601
AVB,Avalonbay Communities ,-0.0237
AVD,American Vanguard Corp ,0.3636
AVGO,Broadcom Ltd ,-0.1376
AVID,Avid Tech Inc ,0.113
AVNW,Aviat Networks Inc ,0.0617
AVT,Avnet Inc ,-0.0994
AVXL,Anavex Lf SC ,-0.3599
AVY,Avery Dennison Corp ,-0.2312
AWI,Armstrong World Industries Inc ,-0.206
AWK,American Water Works ,-0.1202
AWR,American States Water Company ,-0.1749
AXGN,Axogen Inc ,-0.2263
AXL,American Axle & Manufacturing ,-0.2647
AXP,American Express Company ,0.1073
AXS,Axis Capital Holdings ,0.0386
AXSM,Axsome Thera ,-0.0244
AXTA,Axalta Coating Systems Ltd ,-0.2412
AXTI,Axt Inc ,-0.2804
AYI,Acuity Brands Inc ,-0.1933
AZO,Autozone ,0.0325
AZPN,Aspen Technology ,0.0641
AZZ,Azz Inc ,-0.1637
B,Barnes Group ,-0.2286
BA,Boeing Company ,-0.0963
BAC,Bank of America Corp ,-0.1555
BAH,Booz Allen Hamilton Holding Corp ,0.0353
BANC,First Pactrust Bancorp ,-0.078
BANF,Bancfirst Corp ,0.1786
BANR,Banner Corp ,-0.0892
BAX,Baxter International Inc ,-0.1095
BBBY,Bed Bath & Beyond ,0.1886
BBSI,Barrett Business S ,0.0639
BBY,Best Buy Company ,-0.0764
BC,Brunswick Corp ,-0.2484
BCC,Boise Cascade L.L.C. ,-0.0001
BCO,Brink's Company ,0.004
BCOR,Blucora Inc ,0.1582
BCOV,Brightcove Inc ,-0.271
BCPC,Balchem Cp ,-0.2087
BCRX,Biocryst Pharma Inc ,-0.1776
BDC,Belden Inc ,-0.2536
BDN,Brandywine Realty Trust ,-0.0514
BDX,Becton Dickinson and Company ,0.0803
BECN,Beacon Roofing Suppl ,0.0207
BEN,Franklin Resources ,-0.2365
BERY,Berry Global Group ,-0.2276
BFAM,Bright Horizons Family Solutions Inc ,0.0518
BFS,Saul Centers ,0.0228
BG,Bunge Ltd ,0.3278
BGCP,Bgc Partners Cl A ,-0.1634
BGFV,Big 5 Sporting ,-0.1362
BGS,B&G Foods Holdings ,-0.1015
BHB,Bar Harbor Bankshares ,-0.0353
BHE,Benchmark Electronics ,-0.1373
BHLB,Berkshire Hills Bancorp ,-0.0169
BIG,Big Lots ,-0.1798
BIIB,Biogen Inc ,-0.1141
BJRI,Bj's Restaurants Inc ,-0.2026
BK,Bank of New York Mellon Corp ,-0.1858
BKD,Brookdale Senior Living Inc ,0.4496
BKE,Buckle Inc ,-0.2319
BKH,Black Hills Corp ,0.1145
BKU,BankUnited Inc ,-0.0026
BL,Blackline Inc ,-0.3279
BLBD,Blue Bird Corp ,0.1445
BLD,Topbuild Corp ,-0.3808
BLDR,Builders Firstsource ,-0.2864
BLFS,Biolife Solutions ,-0.5455
BLK,Blackrock Inc ,-0.2484
BLKB,Blackbaud Inc ,-0.2794
BLL,Ball Corp ,-0.0947
BLMN,Bloomin' Brands Inc ,0.0219
BLUE,Bluebird Bio ,-0.5455
BLX,Banco Latinoamericano DE Comercio ,-0.0934
BMI,Badger Meter ,-0.1197
BMRC,Bank of Marin Bancrp ,-0.1399
BMRN,Biomarin Pharmaceuticals ,-0.0611
BMY,Bristol-Myers Squibb Company ,0.2431
BNED,Barnes & Noble Education Inc C ,-0.4684
BNFT,Benefitfocus ,0.1473
BOH,Bank of Hawaii Corp ,-0.0606
BOKF,Bok Financial Corp ,-0.1601
BOOM,Dynamic Materials ,-0.284
BOOT,Boot Barn Holdings Inc ,-0.2319
BOX,Box Inc ,0.1768
BPMC,Blueprint Medicines Corp ,-0.365
BPOP,Popular Inc ,-0.015
BR,Broadridge Financial Solutions Llc ,-0.1603
BRC,Brady Corp ,-0.1666
BRKL,Brookline Bancorp ,-0.0877
BRKR,Bruker Corp ,-0.2594
BRO,Brown & Brown ,0.0139
BRX,Brixmor Property Group Inc ,0.0236
BSRR,Sierra Bancorp ,-0.1267
BSX,Boston Scientific Corp ,0.0417
BURL,Burlington Stores Inc ,-0.2664
BUSE,First Busey Corp ,-0.1114
BW,Babcock & Wilcox Enterprises ,-0.143
BWA,Borgwarner Inc ,-0.1788
BWXT,Bwx Technologies Inc ,0.166
BX,Blackstone Inc ,-0.1268
BXC,Bluelinx Holdings Inc ,-0.3368
BXMT,Blackstone Mortgage Trust Inc Cl A ,0.0431
BXP,Boston Properties ,0.0817
BYD,Boyd Gaming Corp ,-0.0499
BZH,Beazer Homes USA ,-0.3575
C,Citigroup Inc ,-0.1566
CABO,Cable One Inc ,-0.1902
CAC,Camden Natl Cp ,-0.0237
CACC,Credit Acceptance ,-0.148
CACI,Caci International ,0.0933
CAG,Conagra Brands Inc ,0.043
CAH,Cardinal Health ,0.2228
CAKE,Cheesecake Fact ,-0.0608
CAL,Caleres Inc ,-0.0542
CALM,Cal-Maine Foods IN ,0.4696
CALX,Calix Inc ,-0.5163
CAMP,Calamp Corp ,-0.1374
CAR,Avis Budget Group ,0.2799
CARA,Cara Therapeutics ,0.1363
CASH,Meta Financial Group ,-0.1924
CASS,Cass Information Sys ,0.016
CASY,Casey's General Stor ,0.0602
CAT,Caterpillar Inc ,0.1019
CATO,Cato Corp ,-0.1562
CATY,Cathay Genl Bncp ,-0.0172
CB,Chubb Ltd ,0.089
CBAY,Cymabay Therapeutics ,-0.0828
CBOE,CBOE Global Markets Inc ,-0.1002
CBRL,Cracker Barrel ,-0.0789
CBSH,Commerce Bancshares ,0.0233
CBT,Cabot Corp ,0.1941
CBU,Community Bank System ,-0.0887
CBZ,Cbiz Inc ,0.0644
CC,Chemours Company ,0.0072
CCBG,Capital City Bank Gr ,-0.053
CCF,Chase Corp ,-0.1233
CCI,Crown Castle International Corp ,-0.0769
CCK,Crown Cork & Seal Company ,0.0751
CCL,Carnival Corp ,-0.0278
CCMP,Cabot Microelectron ,-0.0808
CCNE,Cnb Financial Corp ,-0.0566
CCO,Clear Channel Outdoor Holdings ,-0.0332
CCOI,Cogent Comm Hlds ,-0.0931
CCRN,Cross Ctry Hlthcr ,-0.2795
CCS,Century Communities Inc ,-0.3785
CCXI,Chemocentryx Inc ,-0.4084
CDE,Coeur Mining Inc ,0.0456
CDEV,Centennial Resource Development Inc ,0.5719
CDK,Cdk Global Inc ,0.3043
CDNA,Caredx Inc ,-0.2214
CDNS,Cadence Design Sys ,-0.1961
CDW,CDW Corp ,-0.1553
CDXC,Chromadex Corp CS ,-0.4278
CDXS,Codexis Inc ,-0.4119
CE,Celanese Corp ,-0.1362
CENTA,Central Garden & Pet ,-0.1122
CENX,Century Aluminum C ,0.6552
CERN,Cerner Corp ,0.0046
CERS,Cerus Corp ,-0.2907
CEVA,Ceva Inc ,-0.1931
CF,Cf Industries Holdings ,0.5316
CFFN,Capitol Fed Finl Inc ,-0.0891
CFG,Citizens Financial Group Inc/Ri ,-0.135
CFR,Cullen/Frost Bankers ,0.1068
CG,The Carlyle Group ,-0.2219
CGNX,Cognex Cp ,-0.097
CHCO,City Holding Company ,-0.067
CHCT,Community Healthcare Trust Inc ,-0.1206
CHD,Church & Dwight Company ,0.0015
CHDN,Churchill Downs IN ,-0.1254
CHE,Chemed Inc ,-0.0575
CHEF,The Chefs Warehouse ,-0.0045
CHGG,Chegg Inc ,0.0541
CHH,Choice Hotels International ,-0.0892
CHRS,Coherus Bio ,-0.2957
CHRW,C.H. Robinson Ww ,-0.0404
CHS,Chico's Fas ,-0.0409
CHTR,Charter Communicatio ,-0.1482
CHUY,Chuy's Holdings Inc ,-0.1388
CI,Cigna Corp ,0.1288
CIEN,Ciena Corp ,-0.2745
CIM,Chimera Investment Corp ,-0.2772
CINF,Cincinnati Financial ,0.2129
CIO,City Office REIT Inc ,-0.1805
CIVB,Civista Bncshrs ,-0.0725
CL,Colgate-Palmolive Company ,-0.0516
CLDT,Chatham Lodging Trust REIT ,0.0015
CLDX,Celldex Therapeutics ,-0.0725
CLF,Cleveland-Cliffs Inc ,0.4166
CLFD,Clearfield Inc ,-0.3009
CLH,Clean Harbors ,0.0811
CLNE,Clean Energy Fuels ,0.1778
CLR,Continental Resources ,0.4609
CLVS,Clovis Oncology Inc ,-0.1587
CLW,Clearwater Paper Corp ,-0.2588
CLX,Clorox Company ,-0.1651
CMA,Comerica Inc ,0.0157
CMC,Commercial Metals Company ,0.2213
CMCO,Columbus Mckinnon ,-0.1801
CMCSA,Comcast Corp A ,-0.0546
CME,CME Group Inc ,0.0403
CMG,Chipotle Mexican Grill ,-0.083
CMI,Cummins Inc ,-0.1018
CMP,Compass Minerals Intl Inc ,0.2831
CMPR,Cimpress N.V. Ord ,-0.1557
CMRE,Costamare Inc ,0.2577
CMRX,Chimerix Inc ,-0.2551
CMS,Cms Energy Corp ,0.0999
CMTL,Comtech Telecom Company ,-0.3862
CNA,CNA Financial Corp ,0.1055
CNC,Centene Corp ,0.0502
CNDT,Conduent Inc ,0.0487
CNK,Cinemark Holdings Inc ,0.0558
CNMD,C O N M E D Cp ,0.0167
CNO,Cno Financial Group ,0.0642
CNOB,Connectone Bancorp ,-0.0599
CNP,Centerpoint Energy Inc ,0.1609
CNS,Cohn & Steers Inc ,-0.1078
CNSL,Consolidated Communications Holdings Inc ,-0.1484
CNTY,Century Casinos IN ,-0.0739
CNX,CNX Resources Corp ,0.6305
CNXN,PC Connection Inc ,0.2219
COF,Capital One Financial Corp ,-0.0862
COHR,Coherent Inc ,-0.0032
COHU,Cohu Inc ,-0.3313
COKE,Coca Cola Bot Cons ,-0.2043
COLB,Columbia Banking Sys ,-0.0776
COLL,Collegium Pharma ,0.0268
COLM,Columbia Sprtswr ,-0.0935
COMM,Commscope Holding Company ,-0.4149
CONN,Conn's Inc ,-0.3172
COO,Cooper Companies ,-0.0461
COP,Conocophillips ,0.4044
CORT,Corcept Therapeutics ,0.2369
COST,Costco Wholesale ,0.04
COTY,Coty Inc ,-0.1848
COUP,Coupa Software Inc ,-0.3679
COWN,Cowen Group Inc ,-0.3684
CPA,Copa Holdings S.A. ,-0.0403
CPB,Campbell Soup Company ,0.063
CPE,Callon Petroleum Company ,0.2946
CPF,Central Pacific Financial Company ,-0.0564
CPK,Chesapeake Utilities Corp ,-0.0634
CPRT,Copart Inc ,-0.2285
CPRX,Catalyst Pharm Inc ,0.2422
CPS,Cooper Std Holdings Inc ,-0.6859
CPSI,Computer Programs ,0.1529
CPT,Camden Property Trust ,-0.0787
CR,Crane Company ,0.0388
CRAI,Cra International ,-0.0895
CRI,Carter's Inc ,-0.1138
CRIS,Curis Inc ,-0.7248
CRK,Comstock Resources ,1.063
CRL,Charles River Laboratories Intl ,-0.2446
CRM,Salesforce Inc ,-0.2547
CRMT,America's Car-Mart ,-0.192
CROX,Crocs Inc ,-0.436
CRS,Carpenter Technology Corp ,0.4546
CRUS,Cirrus Logic Inc ,-0.1803
CRVL,Corvel Cp ,-0.1403
CSCO,Cisco Systems Inc ,-0.1925
CSGP,Costar Group Inc ,-0.2178
CSGS,C S G Sys Intl ,0.1177
CSII,Cardiovascular Syst ,0.1464
CSL,Carlisle Companies Inc ,-0.0154
CSTM,Constellium N.V. ,-0.0374
CSTR,Capstar Financial Holdings Inc ,-0.0323
CSV,Carriage Services ,-0.1949
CSWI,Csw Industrials Inc ,-0.0923
CSX,CSX Corp ,-0.0676
CTAS,Cintas Corp ,-0.0666
CTBI,Community TR Bancp ,-0.0837
CTLT,Catalent Inc ,-0.2399
CTMX,Cytomx Thera ,-0.4665
CTO,Cto Realty Growth Inc ,0.0612
CTRE,Caretrust REIT Inc ,-0.2326
CTRN,Citi Trends Inc ,-0.6622
CTS,Cts Corp ,-0.0659
CTSH,Cognizant Tech Sol ,-0.0449
CTSO,Cytosorbents Cor ,-0.315
CTT,Catchmark Timber Trust Inc ,-0.0344
CTXS,Citrix Systems Inc ,0.0809
CUBE,Cubesmart ,-0.0568
CUBI,Customers Bancorp ,-0.3257
CUTR,Cutera Inc ,0.5603
CUZ,Cousins Properties Inc ,-0.0425
CVBF,Cvb Financial Corp ,0.0635
CVCO,Cavco Inds Inc ,-0.2572
CVGW,Calavo Growers Inc ,-0.0927
CVI,Cvr Energy Inc ,0.577
CVLT,Commvault Systems ,-0.0705
CVM,Cel-Sci Corp ,-0.5352
CVS,CVS Corp ,0.005
CVX,Chevron Corp ,0.4622
CW,Curtiss-Wright Corp ,0.0912
CWH,Camping World Holdings Inc ,-0.3364
CWST,Casella Waste Sys ,0.0292
CWT,California Water Service Group Holding ,-0.2246
CXW,Corecivic Inc ,0.349
CYH,Community Health Systems ,-0.139
CYRX,Cryoport Inc ,-0.4984
CYTK,Cytokinetics ,-0.1321
CZNC,Citizens Nrthn Cp ,-0.0636
D,Dominion Resources ,0.1125
DAL,Delta Air Lines Inc ,0.0839
DAN,Dana Inc ,-0.3168
DAR,Darling International Inc ,0.1599
DBD,Diebold Nixdorf Inc ,-0.3989
DCI,Donaldson Company ,-0.1487
DCO,Ducommun Inc ,0.1849
DDD,3D Systems Corp ,-0.3315
DDS,Dillard's ,0.2117
DE,Deere & Company ,0.2737
DEA,Easterly Government Properties ,-0.1222
DECK,Deckers Outdoor Corp ,-0.2595
DEI,Douglas Emmett ,-0.0743
DENN,Dennys Corp ,-0.17
DFIN,Donnelly Financial Solutions Inc ,-0.3532
DFS,Discover Financial Services ,-0.0292
DG,Dollar General Corp ,0.0549
DGII,Digi Intl Inc ,-0.1807
DGX,Quest Diagnostics Inc ,-0.2144
DHI,D.R. Horton ,-0.3314
DHIL,Diamond Hill Inv ,-0.0732
DHR,Danaher Corp ,-0.1581
DHT,Dht Holdings ,0.2158
DIN,Dineequity Inc ,-0.0272
DIOD,Diodes Inc ,-0.3615
DIS,Walt Disney Company ,-0.1577
DISH,Dish Network Corp ,0.0231
DJCO,Daily Journal Cp ,-0.2078
DK,Delek US Holdings ,0.567
DKS,Dick's Sporting Goods Inc ,-0.0855
DLB,Dolby Laboratories ,-0.1826
DLR,Digital Realty Trust ,-0.1801
DLTR,Dollar Tree Inc ,0.2315
DLX,Deluxe Corp ,-0.0794
DMRC,Digimarc Corp ,-0.3265
DNOW,Now Inc ,0.2787
DOC,Physicians Realty Trust ,-0.0632
DOOR,Masonite Worldwide Holdings ,-0.3568
DORM,Dorman Products Inc ,-0.1687
DOV,Dover Corp ,-0.1939
DOX,Amdocs Ltd Ord ,0.1053
DPZ,Domino's Pizza Inc ,-0.3138
DRE,Duke Realty Corp ,-0.1126
DRH,Diamondrock Hospitality Company ,0.0437
DRI,Darden Restaurants ,-0.1274
DRQ,Dril-Quip ,0.8044
DRRX,Durect Corp ,-0.5168
DTE,Dte Energy Company ,0.1475
DUK,Duke Energy Corp ,0.0949
DVA,Davita Healthcare Partners Inc ,0.0676
DVAX,Dynavax Technologies ,-0.253
DVN,Devon Energy Corp ,0.4202
DX,Dynex Capital ,-0.0479
DXCM,Dexcom ,-0.0835
DXPE,Dxp Enterprise ,-0.021
DY,Dycom Industries ,0.01
DZSI,Dasan Zhone Solutions Inc ,-0.2269
EA,Electronic Arts Inc ,-0.0705
EAT,Brinker International ,-0.0156
EBAY,Ebay Inc ,-0.1857
EBF,Ennis Inc ,-0.0661
EBIX,Ebix Inc ,0.0563
EBS,Emergent Biosolutions ,-0.0476
EBTC,Enterprise Bancorp ,-0.1589
ECL,Ecolab Inc ,-0.2472
ECOL,US Ecology Inc ,0.5009
ECOM,Channeladvisor Corp ,-0.3918
ECPG,Encore Capital Group ,-0.0436
ED,Consolidated Edison Company of New York ,0.149
EDIT,Editas Medicine ,-0.3721
EEFT,Euronet Worldwide ,0.1154
EFC,Ellington Financial Llc ,0.0012
EFSC,Enterprises Finl Svc ,-0.0321
EFX,Equifax Inc ,-0.261
EGAN,Egain Corp ,0.1072
EGBN,Eagle Bancorp Inc ,-0.072
EGHT,8X8 Inc ,-0.3443
EGLE,Eagle Bulk Ship ,0.4958
EGP,Eastgroup Properties ,-0.126
EGRX,Eagle Pharmaceuticals ,-0.0094
EHTH,Ehealth Inc ,-0.6314
EIG,Employers Holdings Inc ,-0.0022
EIX,Edison International ,0.0526
EL,Estee Lauder Companies ,-0.2872
ELF,E.L.F. Beauty Inc ,-0.2291
ELS,Equity Lifestyle Properties ,-0.1018
ELY,Callaway Golf Company ,-0.1873
EME,Emcor Group ,-0.0827
EMKR,Emcore Corp ,-0.4728
EMN,Eastman Chemical Company ,-0.1075
EMR,Emerson Electric Company ,-0.0012
ENDP,Endo Int'l Plc ,-0.2952
ENPH,Enphase Energy Inc ,0.0414
ENR,Energizer Holdings Inc ,-0.2431
ENS,Enersys Inc ,-0.1199
ENSG,The Ensign Group IN ,0.0166
ENTA,Enanta Pharmaceutica ,-0.0071
ENTG,Entegris Inc ,-0.2054
ENV,Envestnet Inc ,0.046
ENVA,Enova International Inc ,-0.0833
EOG,Eog Resources ,0.384
EPAM,Epam Systems Inc ,-0.5661
EPAY,Bottomline Tech IN ,0.006
EPC,Edgewell Personal Care ,-0.2004
EPR,Entertainment Properties Trust ,0.1253
EPZM,Epizyme Inc ,-0.6943
EQBK,Equity Bncsrs Cm A ,-0.0914
EQC,Equity Commonwealth ,0.0552
EQIX,Equinix Inc ,-0.1308
EQR,Equity Residential ,-0.0008
EQT,Eqt Corp ,0.9422
ERIE,Erie Indemnity Company ,-0.0307
ERII,Energy Recovery Inc ,-0.0544
ES,Eversource Energy ,0.0178
ESE,Esco Technologies Inc ,-0.2826
ESGR,Enstar Group Ltd ,0.0184
ESNT,Essent Group Ltd ,-0.0843
ESPR,Esperion Theraptc ,0.178
ESRT,Empire State Realty Trust Inc ,0
ESS,Essex Property Trust ,-0.0191
ESTE,Earthstone Energy ,0.2578
ETN,Eaton Corp ,-0.1904
ETR,Entergy Corp ,0.1025
ETSY,Etsy Inc ,-0.4711
EVBG,Everbridge Inc ,-0.2604
EVC,Entravision Communications Corp ,-0.1844
EVH,Evolent Health Inc Cl A Com ,0.0961
EVR,Evercore Partners Inc ,-0.2188
EVRI,Everi Holdings Inc ,-0.0951
EVTC,Evertec Inc ,-0.1853
EW,Edwards Lifesciences Corp ,-0.0736
EWBC,East West Bancorp ,-0.0473
EXAS,Exact Sciences Cor ,-0.1056
EXC,Exelon Corp ,0.1884
EXEL,Exelixis Inc ,0.2631
EXLS,Exlservice Holdings ,0.0065
EXP,Eagle Materials Inc ,-0.2563
EXPD,Expeditors Intl ,-0.28
EXPE,Expedia Group Inc ,0.0599
EXPO,Exponent Inc ,-0.076
EXR,Extra Space Storage Inc ,-0.0625
EXTR,Extreme Networks ,-0.2637
EZPW,Ezcorp Inc ,-0.0312
F,Ford Motor Company ,-0.2547
FAF,First American Corp ,-0.256
FANG,Diamondback Energy ,0.2836
FARO,Faro Tech Inc ,-0.3605
FAST,Fastenal Company ,-0.1257
FATE,Fate Therapeutics ,-0.3545
FB,Meta Platforms Inc ,-0.3751
FBC,Flagstar Bancorp ,-0.1727
FBHS,Fortune Brands Home & Security ,-0.3486
FBK,Fb Financial Corp ,-0.0582
FBMS,First Bancshs [Ms] ,-0.1543
FBNC,First Bancorp [Nc] ,-0.1527
FBP,First Bancorp ,-0.0522
FC,Franklin Covey Company ,-0.0485
FCBC,First Community Bksh ,-0.1855
FCEL,Fuelcell Energy Inc ,0.0115
FCF,First Commonwealth Financial Corp ,-0.1019
FCFS,Firstcash Holdings Inc ,-0.009
FCN,Fti Consulting ,0.0621
FCNCA,First Citizens Bancs ,-0.2313
FCPT,Four Corners Property Trust IN ,-0.0136
FCX,Freeport-Mcmoran Inc ,0.1788
FDP,Fresh Del Monte Produce ,-0.037
FDS,Factset Research Systems Inc ,-0.1346
FDX,Fedex Corp ,-0.2045
FE,Firstenergy Corp ,0.1397
FELE,Franklin Electric Company ,-0.1687
FFBC,First Finl Bncp [Oh] ,-0.1066
FFIC,Flushing Finl Corp ,-0.1305
FFIN,First Finl Bkshs Inc ,-0.1778
FFIV,F5 Inc ,-0.1846
FFWM,First Foundation ,-0.0664
FGEN,Fibrogen Inc CS ,-0.1617
FHB,First Hawaiian Inc ,-0.0124
FHN,First Horizon Corp ,0.4109
FIBK,First Interstate Ban ,-0.1554
FICO,Fair Isaac and Company ,-0.046
FIS,Fidelity National Information Services ,-0.0614
FISI,Financial Institut ,-0.0802
FISV,Fiserv Inc ,-0.0397
FITB,Fifth Third Bancorp ,-0.1042
FIVE,Five Below Inc ,-0.1322
FIVN,Five9 Inc ,-0.1735
FIX,Comfort Systems USA ,-0.1048
FIZZ,Natl Beverage Cp ,0.0443
FL,Footlocker Inc ,-0.3032
FLGT,Fulgent Genetics Inc ,-0.442
FLIC,First of Long Isla ,-0.1186
FLL,Full House Rsts ,-0.2089
FLO,Flowers Foods ,-0.0251
FLR,Fluor Corp ,0.2111
FLS,Flowserve Corp ,0.167
FLT,Fleetcor Technologies ,0.1556
FLWS,1-800-Flowers.com ,-0.4266
FMBH,First Mid Ill Bncshr ,-0.1306
FMC,FMC Corp ,0.2448
FMNB,Farmers Natl Banc Cp ,-0.1375
FN,Fabrinet ,-0.1946
FNB,F.N.B. Corp ,-0.0016
FNF,Fidelity National Financial ,-0.1913
FNLC,First Bancorp Inc ,-0.0755
FOE,Ferro Corp ,-0.0041
FOLD,Amicus Therapeutics ,-0.2909
FORM,Formfactor Inc ,-0.2126
FORR,Forrester Resrch ,-0.0507
FOSL,Fossil Group ,0.0496
FOXA,Fox Corp Cl A ,0.0602
FOXF,Fox Factory Cp ,-0.4645
FPI,Farmland Partners Inc ,0.2092
FR,First Industrial Realty Trust ,-0.0698
FRC,First Republic Bank ,-0.2216
FRME,First Merchants Corp ,-0.0487
FRO,Frontline Ltd ,0.338
FRPT,Freshpet Inc CS ,0.1848
FRT,Federal Realty Investment Trust ,-0.0958
FSLR,First Solar Inc ,-0.1037
FSP,Franklin Street Properties ,-0.0689
FSS,Federal Signal Corp ,-0.2312
FTNT,Fortinet Inc ,-0.0769
FTV,Fortive Corp ,-0.2374
FUL,H. B. Fuller Company ,-0.1321
FULT,Fulton Financial Cor ,-0.0676
FWONK,Liberty Media F1 Series K ,0.0857
FWRD,Foward Air Corp ,-0.2497
G,Genpact Ltd ,-0.2065
GABC,German Amer Bncp Inc ,-0.0593
GATX,GATX Corp ,0.1257
GBCI,Glacier Bancorp Inc ,-0.194
GBT,Global Blood Ther ,0.2108
GBX,Greenbrier Companies ,-0.0144
GCO,Genesco Inc ,0.0687
GCP,Gcp Applied Technologies Inc C ,-0.0126
GD,General Dynamics Corp ,0.1692
GDDY,Godaddy Inc ,0.0186
GDEN,Golden Entmt ,0.0659
GDOT,Green Dot Corp ,-0.2437
GE,General Electric Company ,-0.0385
GEO,Geo Group Inc ,-0.1252
GERN,Geron Corp ,0.2623
GES,Guess Inc ,-0.0139
GEVO,Gevo Inc ,0.0678
GFF,Griffon Corp ,-0.349
GGG,Graco Inc ,-0.191
GHC,Graham Holdings Company ,-0.0259
GIII,G-III Apparel Gp ,0.0488
GILD,Gilead Sciences Inc ,-0.1486
GIS,General Mills ,0.0525
GKOS,Glaukos Corp ,0.3722
GLDD,Great Lakes Drg Dock ,-0.1177
GLOB,Globant S.A. ,-0.2566
GLPI,Gaming & Leisure ,-0.0399
GLT,Glatfelter ,-0.3058
GLW,Corning Inc ,-0.0951
GM,General Motors Company ,-0.3155
GME,Gamestop Corp ,0.016
GMED,Globus Medical Inc ,0.0734
GMRE,Global Medical REIT Inc ,-0.1054
GMS,Gms Inc ,-0.1833
GNK,Genco Shipping & Trading Ltd ,0.54
GNL,Global Net Lease Inc ,-0.0105
GNRC,Generac Holdings Inc ,-0.2862
GNTX,Gentex Corp ,-0.2083
GNW,Genworth Financial Inc ,-0.0741
GOGO,Gogo Inc ,0.7206
GOLF,Acushnet Holdings Corp ,-0.2168
GOOD,Gladstone Comml ,-0.13
GOOGL,Alphabet Cl A ,-0.1251
GPC,Genuine Parts Company ,-0.066
GPI,Group 1 Automotive ,-0.1704
GPK,Graphic Packaging Holding Company ,0.0728
GPN,Global Payments Inc ,0.0353
GPRE,Green Plains Inc ,-0.1024
GPRO,Gopro Inc Cl A ,-0.1513
GPS,Gap Inc ,-0.2006
GRBK,Green Brick Partners ,-0.3719
GRC,Gorman-Rupp Company ,-0.2249
GRMN,Garmin Ltd ,-0.1826
GRPN,Groupon Cl A ,-0.1442
GS,Goldman Sachs Group ,-0.1592
GSAT,Globalstar ,0.1121
GSBC,Great Southern Bncp ,-0.0289
GT,Goodyear Tire Rubber ,-0.378
GTLS,Chart Industries IN ,0.1225
GTY,Getty Realty Corp ,-0.1094
GVA,Granite Construction Inc ,-0.1597
GWRE,Guidewire Software Inc ,-0.1972
GWW,W.W. Grainger ,-0.0517
H,Hyatt Hotels Corp ,0.0115
HA,Hawaiian Hlds Inc ,0.0386
HAE,Haemonetics Corp ,0.0713
HAFC,Hanmi Financial Cp ,0.0114
HAIN,Hain Celestial Group ,-0.1929
HAL,Halliburton Company ,0.7822
HALO,Halozyme Therapeutic ,0.0512
HAS,Hasbro Inc ,-0.1627
HASI,Hannon Armstrong Sustainable IN ,-0.1796
HAYN,Haynes Intl Inc ,0.1103
HBAN,Huntington Bcshs ,-0.1336
HBCP,Home Bancorp Inc ,-0.033
HBI,Hanesbrands Inc ,-0.1579
HBIO,Harvard Bioscience ,-0.166
HBNC,Horizon Bancorp ,-0.1084
HCA,Hca Holdings Inc ,0.0156
HCCI,Heritage-Crystal ,-0.1037
HCI,Homeowners Choice ,-0.1919
HCKT,Hackett Grp Inc ,0.1534
HCSG,Healthcare Svcs Gp ,-0.0382
HD,Home Depot ,-0.2662
HE,Hawaiian Electric Industries ,0.0573
HEAR,Turtle Beach Corp ,-0.1357
HEES,H&E Equip Services ,-0.1046
HELE,Helen of Troy Ltd ,-0.163
HES,Hess Corp ,0.5496
HFWA,Heritage Financial ,-0.0086
HGV,Hilton Grand Vacations Inc ,-0.0543
HHC,Howard Hughes Corp ,-0.0122
HI,Hillenbrand Inc ,-0.1995
HIBB,Hibbett Inc ,-0.3704
HIFS,Hingham Inst For Svg ,-0.1858
HIG,Hartford Financial Services Group ,0.0856
HII,Huntington Ingalls Industries ,0.1924
HIW,Highwoods Properties ,-0.0206
HL,Hecla Mining Company ,0.3697
HLF,Herbalife Ltd ,-0.2739
HLI,Houlihan Lokey ,-0.2063
HLIT,Harmonic Inc ,-0.2738
HLT,Hilton Inc ,-0.0026
HLX,Helix Energy Solutions Group ,0.6538
HMN,Horace Mann Educators Corp ,0.0491
HMST,Homestreet Inc ,-0.144
HNI,Hon Industries Inc ,-0.1493
HOFT,Hooker Furnishings Corp ,-0.2165
HOG,Harley-Davidson Inc ,0.0135
HOLX,Hologic Inc ,-0.003
HOMB,Home Bancshares Inc ,-0.092
HON,Honeywell International Inc ,-0.0639
HONE,Harborone Bancorp Inc ,-0.0741
HOPE,Hope Bancorp Inc ,0.0578
HOV,Hovnanian Enterprises Inc ,-0.6032
HP,Helmerich & Payne ,1.062
HPE,Hewlett Packard Enterprise Comp ,-0.0247
HPP,Hudson Pacific Properties ,0.0316
HPQ,HP Inc ,-0.0053
HQY,Healthequity ,0.5825
HR,Healthcare Realty Trust Inc ,-0.1302
HRB,H&R Block ,0.1367
HRI,Herc Holdings Inc ,-0.0687
HRL,Hormel Foods Corp ,0.0947
HRTX,Heron Therapeutics ,-0.3571
HSC,Harsco Corp ,-0.322
HSIC,Henry Schein Inc ,0.1784
HSII,Heidrick & Struggl ,-0.0976
HSKA,Heska Corp ,-0.2551
HST,Host Marriott Financial Trust ,0.1259
HSTM,Healthstream Inc ,-0.2451
HSY,Hershey Foods Corp ,0.168
HT,Hersha Hospitality Trust ,0.0349
HTA,Healthcare Trust of America ,-0.0617
HTBI,Hometrust Bancshares ,-0.0684
HTBK,Heritage Commerce ,-0.0477
HTH,Hilltop Holdings Inc ,-0.204
HTLD,Heartland Express ,-0.2176
HTLF,Heartland Finl USA ,-0.0887
HUBB,Hubbell Inc B ,-0.1117
HUBG,Hub Group Inc A ,-0.2601
HUBS,Hubspot Inc ,-0.3242
HUM,Humana Inc ,-0.0071
HUN,Huntsman Corp ,-0.0241
HURN,Huron Consulting ,0.077
HWKN,Hawkins Inc ,0.0535
HXL,Hexcel Corp ,0.0853
HY,Hyster-Yale Materials Handling ,-0.2117
HZNP,Horizon Therapeutics ,0.0798
HZO,Marinemax Inc ,-0.3188
IAC,Iac Interactivecorp ,-0.2659
IART,Integra Lifesciences ,-0.0643
IBCP,Independent Bk Cp ,-0.1144
IBIO,Ibio Inc ,-0.3306
IBKR,Interactive Brokers ,-0.1779
IBM,International Business Machines ,-0.0531
IBOC,Intl Bancshares ,-0.0472
IBP,Installed Building Products ,-0.4242
IBTX,Independent Bank Group ,-0.0298
ICAD,Icad Inc ,-0.5
ICE,Intercontinental Exchange ,-0.0895
ICFI,Icf International ,-0.0326
ICHR,Ichor Holdings Ltd ,-0.3654
ICPT,Intercept Pharmaceuticals ,0.011
ICUI,I C U Medical Inc ,-0.0581
IDA,Idacorp Inc ,0.0067
IDCC,Interdigital Inc ,-0.1497
IDT,IDT Corp ,-0.2991
IDXX,Idexx Laboratories ,-0.2455
IESC,Ies Holdings ,-0.237
IEX,Idex Corp ,-0.1936
IFF,International Flavors & Fragrances ,-0.1674
IGT,International Game Technology ,-0.1491
IIIN,Insteel Industries ,-0.0678
IIPR,Innovative Industrial Properties ,-0.3546
IIVI,I I V I Inc ,-0.0929
ILMN,Illumina Inc ,-0.1155
IMAX,Imax Corp ,-0.0561
IMGN,Immunogen Inc ,-0.279
IMKTA,Ingles Markets Inc ,0.1015
INBK,First Internet Bcp ,-0.1163
INCY,Incyte Corp ,0.1136
INDB,Independent Bk Corp ,-0.0379
INFN,Infinera Corp ,-0.2044
INFU,Infusystems Holdings ,-0.5026
INGN,Inogen Inc ,-0.1662
INGR,Ingredion Inc ,-0.0738
INN,Summit Hotel Properties ,-0.0051
INO,Inovio Pharma ,-0.3587
INSG,Inseego Corp ,-0.434
INSM,Insmed Inc ,-0.0584
INSW,International Seaways Inc ,0.408
INT,World Fuel Services Corp ,0.0023
INTC,Intel Corp ,-0.1132
INTU,Intuit Inc ,-0.2769
INVA,Innoviva Inc ,0.1032
INVE,Identiv Inc ,-0.5327
IONS,Ionis Pharmaceuticals ,0.3464
IOSP,Innospec Inc ,0.0386
IP,International Paper Company ,0.0096
IPAR,Inter Parfums Inc ,-0.1962
IPG,Interpublic Group of Companies ,-0.079
IPGP,Ipg Photonics Corp ,-0.4348
IPI,Intrepid Potash Inc ,1.6199
IR,Ingersoll Rand Inc ,-0.2494
IRBT,Irobot Corp ,-0.1781
IRDM,Iridium Comm Inc ,-0.0189
IRM,Iron Mountain Inc ,0.059
IRMD,Iradimed Cp ,-0.0428
IRT,Independence Realty Trust Inc ,0.0437
IRTC,Irhythm Technologies Inc ,0.2279
IRWD,Ironwood Pharmaceuti ,0.0566
ISRG,Intuitive Surg Inc ,-0.2215
IT,Gartner Inc ,-0.1083
ITCI,Intra-Cellular Ther ,0.2285
ITGR,Integer Holdings Corp ,-0.0458
ITRI,Itron Inc ,-0.2701
ITT,ITT Inc ,-0.2932
ITW,Illinois Tool Works Inc ,-0.2047
IVR,Invesco Mortgage Capital Inc ,-0.2986
IVZ,Invesco Plc ,-0.0877
JACK,Jack IN The Box Inc ,0.0517
JAZZ,Jazz Pharma Plc ,0.3128
JBHT,J B Hunt Transport ,-0.1585
JBL,Jabil Circuit ,-0.1905
JBLU,Jetblue Airways Cp ,-0.1025
JBSS,John B Sanfilippo ,-0.0471
JBT,John Bean Technologies Corp ,-0.2902
JCI,Johnson Controls Intl ,-0.2433
JELD,Jeld-Wen Holding Inc ,-0.2162
JJSF,J J Snack Foods ,-0.0115
JKHY,Jack Henry & Assoc ,0.2006
JLL,Jones Lang Lasalle Inc ,-0.165
JNCE,Jounce Therapeutics Inc ,-0.188
JNJ,Johnson & Johnson ,0.0516
JNPR,Juniper Networks ,-0.0162
JOE,St. Joe Company ,0.1199
JOUT,Johnson Outdoors ,-0.1493
JPM,JP Morgan Chase & Company ,-0.2035
JRVR,James River Gp HD ,-0.1583
JWN,Nordstrom ,0.2754
JYNT,The Joint Corp ,-0.4897
K,Kellogg Company ,0.0537
KAI,Kadant Inc ,-0.1792
KALU,Kaiser Aluminum ,0.0697
KALV,Kalvista Pharmaceuticals Inc ,0.0854
KAMN,Kaman Corp ,-0.0114
KAR,Kar Auction Services Inc ,0.1255
KBAL,Kimball Intl Cl B ,-0.218
KBH,KB Home ,-0.2578
KBR,KBR Inc ,0.1869
KE,Kimball Electrnc ,-0.2054
KELYA,Kelly Svcs Cl A ,0.2439
KEX,Kirby Corp ,0.1203
KEY,Keycorp ,-0.1146
KEYS,Keysight Technologies Inc Comm ,-0.303
KFRC,Kforce Inc ,-0.0322
KFY,Korn/Ferry International ,-0.1336
KHC,Kraft Heinz Company ,0.178
KIM,Kimco Realty Corp ,0.0195
KKR,KKR & Co. LP ,-0.2584
KLAC,K L A-Tencor Corp ,-0.2526
KLIC,Kulicke and Soffa ,-0.1544
KMB,Kimberly-Clark Corp ,-0.1154
KMI,Kinder Morgan ,0.2213
KMPR,Kemper Corp ,-0.0602
KMT,Kennametal Inc ,-0.2476
KMX,Carmax Inc ,-0.2952
KN,Knowles Corp ,-0.191
KNSL,Kinsale Capital Group Inc ,-0.0259
KO,Coca-Cola Company ,0.0981
KODK,Eastman Kodak ,0.3248
KOP,Koppers Holdings Inc ,-0.1425
KOPN,Kopin Cp ,-0.5257
KOS,Kosmos Energy Ltd ,1.2052
KPTI,Karyopharm Therapeut ,0.2131
KR,Kroger Company ,0.2886
KRC,Kilroy Realty Corp ,0.1195
KRG,Kite Realty Group Trust ,0.0275
KRNY,Kearny Financial ,-0.0619
KSS,Kohl's Corp ,0.2351
KTOS,Kratos Defns ,-0.0108
KURA,Kura Oncology ,0.1521
KW,Kennedy-Wilson Holdings Inc ,-0.008
KWR,Quaker Chemical Corp ,-0.3067
L,Loews Corp ,0.1279
LAD,Lithia Motors ,-0.0212
LADR,Ladder Capital Corp ,0.0492
LAMR,Lamar Advertis A ,-0.0705
LANC,Lancaster Colony Cor ,-0.0629
LAND,Gladstone Land Corp ,0.1777
LAZ,Lazard Ltd ,-0.2395
LBAI,Lakeland Bancorp Inc ,-0.1643
LBRDK,Liberty Broadbd C ,-0.1431
LC,Lendingclub Corp ,-0.4409
LCII,Lci Industries ,-0.3316
LDOS,Leidos Holdings Inc ,0.2268
LE,Lands' End Inc ,-0.1605
LEA,Lear Corp ,-0.2997
LECO,Lincoln Elec Holdings ,-0.0717
LEG,Leggett & Platt Inc ,-0.1285
LEU,Centrus Energy Corp ,-0.3486
LFUS,Littelfuse Inc ,-0.2722
LGIH,LGI Homes Inc ,-0.417
LGND,Ligand Pharm ,-0.3185
LH,Laboratory Corp of America Holdings ,-0.1438
LHCG,LHC Group Inc ,0.218
LII,Lennox International ,-0.2602
LIND,Lindblad Expd Holdings ,0.0122
LITE,Lumentum Holdings ,-0.1902
LIVN,Livanova Plc OR Sh ,-0.0665
LKFN,Lakeland Finl Corp ,-0.0766
LKQ,LKQ Corp ,-0.2171
LL,LL Flooring Hldgs Inc ,-0.1845
LLNW,Limelight Networks ,0.5773
LLY,Eli Lilly and Company ,0.0928
LMAT,Lemaitre Vascular ,-0.0741
LMNR,Limoneira Company ,-0.0767
LMT,Lockheed Martin Corp ,0.3158
LNC,Lincoln National Corp ,-0.0489
LNDC,Landec Cp ,-0.0757
LNG,Cheniere Energy ,0.3758
LNN,Lindsay Corp ,-0.0335
LNT,Alliant Energy Corp ,0.0312
LNTH,Lantheus Holdings ,1.0865
LOB,Live Oak Bancsh ,-0.4619
LOCO,El Pollo Loco ,-0.2185
LOPE,Grand Canyon Educati ,0.1817
LOW,Lowe's Companies ,-0.2213
LPG,Dorian Lpg Ltd ,0.2427
LPI,Laredo Petroleum Holdings Inc ,0.394
LPLA,Lpl Financial Holdings ,0.3445
LPSN,Liveperson Inc ,-0.294
LPX,Louisiana-Pacific Corp ,-0.2254
LQDT,Liquidity Services ,-0.1839
LRCX,Lam Research Corp ,-0.3657
LRN,Stride Inc ,0.0363
LSCC,Lattice Semicond ,-0.3592
LSI,Life Storage ,-0.0503
LSTR,Landstar System ,-0.1917
LSXMK,Liberty Srs XM CS C ,-0.1088
LTC,Ltc Properties ,0.0773
LULU,Lululemon Athletica ,-0.0017
LUNA,Luna Innovations Inc ,-0.2607
LUV,Southwest Airlines Company ,0.0915
LVS,Las Vegas Sands ,-0.0181
LW,Lamb Weston Holdings Inc ,0.0841
LXP,Lxp Industrial Trust ,-0.1492
LYB,Lyondellbasell Industries NV ,0.1664
LYV,Live Nation Entertainment ,-0.07
LZB,La-Z-Boy Inc ,-0.2503
M,Macy's Inc ,-0.0145
MA,Mastercard Inc ,-0.0042
MAA,Mid-America Apartment Communities ,-0.1048
MAC,Macerich Company ,-0.1759
MAN,Manpower Inc ,-0.1013
MANH,Manhattan Assoc ,-0.1215
MANT,Mantech Intl Cp A ,0.1497
MAR,Marriot Int Cl A ,0.0924
MARA,Marathon Digital Hldgs Inc ,-0.3539
MAS,Masco Corp ,-0.2966
MASI,Masimo Corp ,-0.5393
MAT,Mattel Inc ,0.0292
MATW,Matthews Intl Corp ,-0.174
MATX,Matson Inc ,-0.0289
MBI,MBIA Inc ,-0.1374
MBUU,Malibu Boats Inc ,-0.2404
MBWM,Mercantile Bank Corp ,-0.02
MC,Moelis ,-0.2777
MCD,McDonald's Corp ,-0.0655
MCFT,Mcbc Holdings ,-0.1779
MCHP,Microchip Technology ,-0.2509
MCK,Mckesson Corp ,0.3004
MCO,Moody's Corp ,-0.1592
MCRB,Seres Therapeutics Inc ,-0.2701
MCRI,Monarch Casino ,0.1716
MCS,Marcus Corp ,-0.0526
MCY,Mercury General Corp ,0.0102
MD,Mednax Inc ,-0.1334
MDC,M.D.C. Holdings ,-0.3478
MDGL,Madrigal Pharmaceuticals Inc ,-0.0622
MDLZ,Mondelez Intl Inc ,-0.0391
MDRX,Allscripts Hlthcare ,0.2098
MDT,Medtronic Inc ,0.0538
MDU,Mdu Res Group Inc ,-0.119
MED,Medifast Inc ,-0.1211
MEDP,Medpace Holdings Inc ,-0.2736
MEI,Methode Electronics ,-0.0905
MEIP,Mei Pharma Inc ,-0.7874
MET,Metlife Inc ,0.1304
MFA,MFA Financial Inc ,-0.1782
MGEE,Mge Energy Inc ,0.0043
MGI,Moneygram Intl ,0.346
MGM,MGM Resorts International ,-0.0731
MGNX,Macrogenics ,-0.4636
MGPI,MGP Ingredients Inc ,0.0951
MGRC,Mcgrath Rentcorp ,0.0544
MHK,Mohawk Industries ,-0.3209
MHO,M/I Homes ,-0.3048
MIDD,Middleby Corp ,-0.245
MIME,Mimecast Ltd Ord ,0.0013
MITK,Mitek Systems Inc ,-0.2501
MKL,Markel Corp ,0.1953
MKSI,Mks Instruments Inc ,-0.3425
MKTX,Marketaxess Holdings ,-0.3546
MLAB,Mesa Labs Inc ,-0.238
MLI,Mueller Industries ,-0.1046
MLM,Martin Marietta Materials ,-0.1718
MLR,Miller Industries ,-0.1886
MMC,Marsh & Mclennan Companies ,-0.0234
MMI,Marcus & Millichap ,0.0253
MMM,3M Company ,-0.1703
MMS,Maximus Inc ,-0.0523
MMSI,Merit Medical Sys ,0.105
MNKD,Mannkind Corp ,-0.1579
MNRO,Monro Muffler Brak ,-0.2059
MNST,Monster Beverage Cp ,-0.14
MO,Altria Group ,0.1602
MOD,Modine Manufacturing Company ,-0.2052
MODN,Model N Inc ,-0.0932
MOFG,Midwestone Fnl Gp ,-0.0096
MOH,Molina Healthcare Inc ,0.0561
MORN,Morningstar Inc ,-0.199
MOS,Mosaic Company ,0.9356
MOV,Movado Group Inc ,-0.0545
MPAA,Motorcar Parts Amer ,-0.0756
MPB,Mid Penn Bancorp Inc ,-0.1686
MPC,Marathon Petroleum Corp ,0.3627
MPW,Medical Properties Trust ,-0.1439
MPWR,Monolithic Power Sys ,-0.1702
MRC,Mrc Global Inc ,0.7515
MRCY,Mercury Sys Inc ,0.1121
MRK,Merck & Company ,0.134
MRNS,Marinus Pharma CS ,-0.3434
MRO,Marathon Oil Corp ,0.6206
MRTN,Marten Transport L ,-0.0752
MRTX,Mirati Therapeutics ,-0.4414
MRVL,Marvell Technology Inc ,-0.3031
MS,Morgan Stanley ,-0.1365
MSA,Msa Safety Inc ,-0.1627
MSBI,Midland Sts BNC ,0.0952
MSCI,MSCI Inc ,-0.2122
MSEX,Middlesex Water Company ,-0.2042
MSFT,Microsoft Corp ,-0.168
MSI,Motorola Solutions ,-0.1417
MSM,Msc Industrial Direct Company ,0.0114
MSTR,Microstrategy Cl A ,-0.175
MTB,M&T Bank Corp ,0.0389
MTCH,Match Group Inc ,-0.3036
MTD,Mettler-Toledo International ,-0.2232
MTDR,Matador Resources Company ,0.5501
MTG,Mgic Investment Corp ,-0.07
MTH,Meritage Corp ,-0.3334
MTN,Vail Resorts ,-0.2056
MTOR,Meritor Inc ,0.4467
MTRN,Materion Corp ,-0.1046
MTSI,Macom Technology S ,-0.3499
MTW,Manitowoc Company ,-0.2813
MTX,Minerals Technologies Inc ,-0.1381
MTZ,Mastec Inc ,-0.1358
MU,Micron Technology ,-0.2471
MUR,Murphy Oil Corp ,0.6254
MUSA,Murphy USA Inc ,0.1508
MVIS,Microvision ,-0.3253
MWA,Mueller Water Products ,-0.1181
MXL,Maxlinear Inc ,-0.4015
MYE,Myers Industries ,0.045
MYGN,Myriad Genetics Inc ,-0.1312
MYRG,MYR Group Inc ,-0.1857
NAT,Nordic American Tanker Shipping Ltd ,0.5976
NATI,Natl Instruments Cor ,-0.1136
NAVI,Navient Cp ,-0.2158
NBHC,National Bank Holdings Corp ,-0.1195
NBIX,Neurocrine Bioscienc ,0.1656
NBR,Nabors Industries ,1.4071
NBTB,NBT Bancorp Inc ,-0.0833
NCBS,Nicolet Bnkshr ,0.0673
NCLH,Norwegian Cruise Ord ,0.0434
NCR,NCR Corp ,0.0057
NDAQ,Nasdaq Inc ,-0.1498
NDLS,Noodles & Company ,-0.4157
NDSN,Nordson Corp ,-0.1588
NEE,Nextera Energy ,-0.113
NEM,Newmont Mining Corp ,0.3668
NEO,Neogenomics Inc ,-0.6392
NEOG,Neogen Cp ,-0.338
NEU,Newmarket Corp ,-0.0325
NEWR,New Relic Inc ,-0.3463
NFBK,Northfield Bncrp Del ,-0.1627
NFG,National Fuel Gas Company ,0.1187
NFLX,Netflix Inc ,-0.4338
NG,Novagold Resources Inc ,0.1953
NGVT,Ingevity Corp ,-0.1304
NHC,National Healthcare Corp ,0.0596
NHI,National Health Investors ,-0.0289
NI,NiSource Inc ,0.1499
NJR,Newjersey Resources Corp ,0.1152
NKE,Nike Inc ,-0.1993
NKTR,Nektar Therapeutics ,-0.544
NLSN,Nielsen Holdings Plc ,0.3359
NLY,Annaly Capital Management Inc ,-0.1343
NMIH,Nmi Holdings Inc ,-0.113
NNI,Nelnet Inc ,-0.1287
NNN,National Retail Properties ,-0.0331
NOC,Northrop Grumman Corp ,0.207
NOG,Northern Oil and Gas ,0.4028
NOV,Nov Inc ,0.5173
NOVT,Novanta Inc ,-0.2706
NOW,Servicenow Inc ,-0.2184
NP,Neenah Paper ,-0.1478
NPK,National Presto Industries ,-0.0552
NPO,Enpro Industries ,-0.1103
NPTN,Neophotonics Corp ,-0.0104
NR,Newpark Resources ,0.3639
NRG,NRG Energy ,-0.0903
NRZ,New Residential Investment Corp ,-0.0047
NSA,National Storage Affiliates Tru ,-0.0871
NSC,Norfolk Southern Corp ,-0.1164
NSIT,Insight Enterpr ,-0.0556
NSP,Insperity Inc ,-0.1478
NSSC,Napco Sec Tech Inc ,-0.2313
NSTG,Nanostring Tech ,-0.4764
NTAP,Netapp Inc ,-0.1793
NTB,Bank of Butterfield Ltd ,-0.1065
NTCT,Netscout Systems ,0.0048
NTGR,Netgear Inc ,-0.228
NTLA,Intellia Thera CS ,-0.4931
NTNX,Nutanix Inc ,-0.1836
NTRA,Natera Inc ,-0.5768
NTRS,Northern Trust Corp ,-0.0729
NUE,Nucor Corp ,0.4483
NUS,Nu Skin Enterprises ,0.0102
NUVA,Nuvasive Inc ,0.1385
NVAX,Novavax Inc ,-0.5908
NVCR,Novocure Ltd Ord Sh ,0.122
NVDA,Nvidia Corp ,-0.2772
NVEC,Nve Corp ,-0.2782
NVEE,Nv5 Global ,-0.0657
NVR,NVR Inc ,-0.2663
NVRO,Nevro Corp ,-0.091
NVTA,Invitae Corp ,-0.5743
NWBI,Northwest Bancshares ,-0.0749
NWE,Northwestern Corp ,0.0469
NWL,Newell Rubbermaid Inc ,0.0261
NWLI,Natl Wstrn Life Gp A ,-0.0342
NWN,Northwest Natural Gas Company ,0.0226
NWPX,Northwest Pipe Company ,-0.1742
NWSA,News Cp Cl A ,-0.0511
NX,Quanex Building Products Corp ,-0.1739
NXPI,Nxp Semiconductors ,-0.2537
NXRT,Nexpoint Residential Trust Inc ,0.0384
NXST,Nexstar Media Group Inc ,0.1261
NYCB,New York Community Bancorp ,-0.1777
NYMT,New York Mtge Trust ,-0.0591
NYT,New York Times Company ,-0.0911
O,Realty Income Corp ,0.0142
OC,Owens Corning Inc ,-0.0473
OCFC,Oceanfirst Financial Corp ,-0.1505
OCUL,Ocular Therapeut ,-0.3716
OCX,Oncocyte Corp ,-0.4194
ODFL,Old Dominion Freight Line Inc ,-0.2613
ODP,Office Depot ,0.169
OEC,Orion Engineered Carbons S.A R ,-0.1672
OFC,Corporate Office Properties ,0.0072
OFG,OFG Bancorp ,-0.029
OFIX,Orthofix Intl NV ,0.0415
OFLX,Omega Flex Inc ,-0.0118
OGE,Oge Energy Corp ,0.0847
OGS,One Gas Inc ,0.1473
OHI,Omega Healthcare Investors ,-0.0716
OI,O-I Glass Inc ,0.0889
OII,Oceaneering International ,0.336
OIS,Oil States International ,0.5111
OKE,Oneok Inc ,0.2134
OLED,Universal Display ,-0.1158
OLLI,Ollies Bargain CS ,0.0666
OLN,Olin Corp ,0.012
OLP,One Liberty Properties ,-0.1318
OMC,Omnicom Group Inc ,0.074
OMCL,Omnicell Inc ,-0.3354
OMER,Omeros Corp ,-0.2006
OMF,Onemain Holdings Inc ,-0.0787
OMI,Owens & Minor ,0.0034
ON,On Semiconductor ,-0.2158
ONB,Old National Bncp ,-0.1551
OOMA,Ooma Inc ,-0.3038
OPK,Opko Health Inc ,-0.3056
OPY,Oppenheimer Holdings ,-0.2545
ORA,Ormat Technologies ,0.0707
ORC,Orchid Island Capital Inc ,-0.3178
ORCL,Oracle Corp ,-0.089
ORI,Old Republic International Corp ,-0.0232
ORLY,O'Reilly Automotive ,0.0108
ORMP,Oramed Pharma ,-0.5196
OSBC,Old Second Bancorp ,0.1183
OSIS,O S I Systems Inc ,-0.1333
OSK,Oshkosh Truck Corp ,-0.1352
OSTK,Overstock.com Inc ,-0.3491
OSUR,Orasure Tech Inc ,-0.2244
OTTR,Otter Tail Corp ,-0.1245
OUT,Outfront Media Inc ,0.0134
OXM,Oxford Industries ,-0.0888
OXY,Occidental Petroleum Corp ,1.0469
PACB,Pacific Biosciences ,-0.6315
PACW,Pacwest Bancorp ,-0.1736
PAG,Penske Automotive Group ,-0.0995
PAHC,Phibro Anl Htlh A ,-0.0421
PANW,Palo Alto Networks Inc ,0.1258
PAR,Par Technology Corp ,-0.3026
PARR,Par Petroleum Corp ,-0.1183
PATK,Patrick Inds Inc ,-0.2736
PAYC,Paycom Software Inc ,-0.2308
PAYX,Paychex Inc ,0.0014
PB,Prosperity Bancshares ,-0.0769
PBF,PBF Energy Inc ,1.1064
PBH,Prestige Brand Holdings ,-0.109
PBI,Pitney Bowes Inc ,-0.276
PCAR,Paccar Inc ,-0.0516
PCG,Pacific Gas & Electric Company ,0.0132
PCH,Potlatch Cp ,-0.1272
PCRX,Pacira Pharm Inc ,0.2412
PCTY,Paylocity Holdings Corp ,-0.1516
PCYO,Pure Cycle Corp ,-0.2048
PDCE,Pdc Energy Inc ,0.5964
PDCO,Patterson Companies ,0.1928
PDFS,Pdf Solutions Inc ,-0.2639
PDM,Piedmont Office Realty Trust ,-0.1034
PEB,Pebblebrook Hotel Trust ,0.08
PEBO,Peoples Bancorp Inc ,-0.0604
PEG,Public Service Enterprise Group Inc ,0.091
PEGA,Pegasystems Inc ,-0.3337
PEN,Penumbra Inc ,-0.3118
PENN,Penn Natl Gaming Inc ,-0.2812
PEP,Pepsico Inc ,-0.0104
PETS,Petmed Express Inc ,-0.034
PFBC,Preferred Bank LA ,-0.013
PFE,Pfizer Inc ,-0.1004
PFG,Principal Financial Group Inc ,0.0224
PFGC,Performance Food Group Company ,0.0933
PFIS,Peoples Finl Svcs Company ,-0.0953
PFS,Provident Financial Services ,-0.0838
PFSI,Pennymac Financial Services IN ,-0.3163
PG,Procter & Gamble Company ,-0.0306
PGC,Peapack Gladstone FI ,-0.0678
PGR,Progressive Corp ,0.0922
PGRE,Paramount Group Inc ,0.2374
PGTI,Pgt Inc ,-0.2343
PH,Parker-Hannifin Corp ,-0.1391
PHM,Pultegroup ,-0.2615
PI,Impinj Inc ,-0.4265
PII,Polaris Industries Inc ,-0.0243
PINC,Premier Inc Cl A ,-0.1161
PJT,Pjt Partners Inc Cl A ,-0.1572
PK,Park Hotels & Resorts Inc ,0.0148
PKE,Park Electrochemical Corp ,-0.0871
PKG,Packaging Corp of America ,0.1974
PKI,Perkinelmer ,-0.1972
PLAB,Photronics Inc ,-0.1703
PLAY,Dave & Buster's Ente ,0.1974
PLCE,Children's Place Inc ,-0.348
PLD,Prologis Inc ,-0.0336
PLNT,Planet Fitness ,-0.0474
PLOW,Douglas Dynamics ,-0.1321
PLUG,Plug Power Inc ,-0.0871
PLUS,Eplus Inc ,0.0286
PLXS,Plexus Cp ,-0.1898
PM,Philip Morris International Inc ,0.0713
PMT,Pennymac Mortgage Investment Trust ,-0.1091
PNC,PNC Bank ,-0.1273
PNFP,Pinnacle Finl Ptnrs ,-0.1107
PNM,PNM Resources Inc ,0.0533
PNR,Pentair Ltd ,-0.2821
PNW,Pinnacle West Capital Corp ,0.0985
PODD,Insulet Corp ,-0.0097
POOL,Pool Corp ,-0.2684
POR,Portland General Electric Company ,0.0274
POST,Post Holdings Inc ,-0.0059
POWI,Power Integratn ,-0.1216
PPBI,Pacific Premier Bncp ,-0.1431
PPC,Pilgrim's Pride ,-0.0291
PPG,PPG Industries ,-0.2561
PPL,PPL Corp ,-0.0286
PRA,Pro-Assurance Corp ,0.0182
PRAA,Pra Group Inc ,-0.1093
PRFT,Perficient Inc ,-0.164
PRGO,Perrigo Company ,-0.0751
PRGS,Progress Software ,-0.0164
PRI,Primerica Inc ,-0.1257
PRIM,Primoris Services Cp ,0.1393
PRK,Park National Corp ,-0.1302
PRLB,Proto Labs Inc ,-0.0783
PRO,Pros Holdings ,-0.1273
PRTA,Prothena Corp ,-0.2682
PRTS,U.S. Auto Parts Netw ,-0.3687
PRTY,Party City Holdco Inc ,-0.3142
PRU,Prudential Financial Inc ,0.0831
PSA,Public Storage ,0.0906
PSB,Business Parks ,-0.1004
PSMT,Pricesmart Inc ,0.1189
PSTG,Pure Storage Inc ,-0.0559
PSX,Phillips 66 ,0.1434
PTC,Ptc Inc ,-0.1852
PTCT,Ptc Therapeutics ,0.1172
PTEN,Patterson-Uti Energy ,1.0911
PTGX,Protagonist Therapeutics Inc ,-0.4167
PTSI,P A M Transport Sv ,-0.2894
PVH,Phillips-Van Heusen Corp ,-0.2561
PWR,Quanta Services ,0.1786
PXD,Pioneer Natural Resources Company ,0.4006
PYPL,Paypal Holdings ,-0.4575
PZZA,Papa John's Intl ,-0.2425
QCOM,Qualcomm Inc ,-0.2513
QCRH,Qcr Holdings Inc ,0.0054
QDEL,Quidel Cp ,-0.1782
QGEN,Qiagen N.V. ,-0.156
QLYS,Qualys Inc ,0.0715
QNST,Quinstreet Inc ,-0.3788
QRVO,Qorvo Inc ,-0.275
QTWO,Q2 Holdings Inc ,-0.2936
QUOT,Quotient Technology Inc ,-0.1887
R,Ryder System ,-0.2233
RAD,Rite Aid Corp ,-0.5085
RARE,Ultragenyx Pharmaceu ,0.0156
RBCAA,Republic Bancorp Inc ,-0.1277
RCII,Rent-A-Center Inc ,-0.4798
RCKY,Rocky Brands Inc ,0.0354
RCL,Royal Caribbean Cruises Ltd ,0.0739
RDN,Radian Group Inc ,0.0525
RDNT,Radnet Inc ,-0.3095
RDUS,Radius Health ,0.146
RE,Everest Re Group ,0.0608
REG,Regency Centers Corp ,-0.0633
REGI,Renewable Energy ,0.4345
REGN,Regeneron Pharmaceuticals ,0.1607
RES,RPC Inc ,1.7357
RETA,Reata Pharma ,0.2935
REVG,Rev Group Inc ,-0.1201
REX,Rex American Resources Corp ,-0.0482
REXR,Rexford Industrial Realty Inc ,-0.0608
RF,Regions Financial Corp ,-0.0491
RGA,Reinsurance Group of America Inc ,0.029
RGEN,Repligen Cp ,-0.4047
RGLD,Royal Gold Inc ,0.3775
RGNX,Regenxbio Inc ,-0.0667
RGR,Sturm Ruger & Company ,0.0545
RH,Restoration Hardware Holdings ,-0.3758
RHI,Robert Half International Inc ,-0.0265
RHP,Ryman Hospitality Properties REIT ,0.0332
RICK,RCI Hospitality Hold ,-0.1846
RIGL,Rigel Pharmaceuticals ,0.1208
RILY,B. Riley Financl ,-0.3594
RJF,Raymond James Financial ,0.1135
RL,Ralph Lauren Corp ,-0.087
RLGY,Realogy Holdings Corp ,-0.2076
RLI,Rli Corp ,-0.0269
RLJ,Rlj Lodging Trust ,0.0136
RM,Regional Managment Corp ,-0.165
RMAX,Re/Max Holdings Inc ,-0.1341
RMBS,Rambus Inc ,-0.1191
RMD,Resmed Inc ,-0.1009
RMR,The Rmr Grp A ,-0.1321
RNG,Ringcentral Inc ,-0.4309
ROG,Rogers Corp ,-0.0012
ROIC,Retail Opp Invts Cp ,-0.0071
ROK,Rockwell Automation Inc ,-0.2499
ROL,Rollins Inc ,0.0202
ROP,Roper Industries ,-0.0624
ROST,Ross Stores Inc ,-0.098
RPM,RPM International Inc ,-0.1446
RUN,Sunrun Inc ,-0.2752
RUSHA,Rush Entpr Cl A ,-0.133
RUTH,Ruth's Hospitality ,0.0628
RVNC,Revance Therapeutics ,0.1397
RYI,Ryerson Holding Corp ,0.5739
SABR,Sabre Corp ,0.2794
SAFM,Sanderson Farms IN ,-0.0102
SAFT,Safety Ins Group Inc ,0.0612
SAGE,Sage Therapeutic Com ,-0.1714
SAH,Sonic Automotive ,-0.1234
SAIA,Saia Inc ,-0.4074
SAIC,Science Applications International ,0.0483
SANM,Sanmina Corp ,-0.0545
SASR,Sandy Spring Bancorp ,-0.105
SAVE,Spirit Airlines Inc ,0.1497
SBAC,SBA Communications ,-0.0865
SBCF,Seacoast Banking Cp ,-0.0712
SBGI,Sinclair Brdcst A ,-0.1347
SBH,Sally Beauty Holdings ,-0.1371
SBNY,Signature Bank ,-0.1779
SBRA,Sabra REIT ,-0.0428
SBSI,Southside Bancshares ,-0.0617
SBUX,Starbucks Corp ,-0.3203
SCCO,Southern Copper Corp ,0.1795
SCHL,Scholastic Cp ,-0.0068
SCHN,Schnitzer Steel A ,0.0528
SCHW,The Charles Schwab Corp ,-0.0161
SCI,Service Corp International ,-0.0087
SCL,Stepan Company ,-0.199
SCS,Steelcase Inc ,-0.0222
SCSC,Scansource Inc ,-0.0368
SCVL,Shoe Carnival Inc ,-0.1968
SEAS,Seaworld Entertainment Inc Company ,0.1267
SEB,Seaboard Corp ,0.0667
SEE,Sealed Air Corp ,-0.0007
SEIC,Sei Investments Company ,-0.0546
SELB,Selecta Biosciences ,-0.684
SEM,Select Medical Holdings Corp ,-0.1616
SENEA,Seneca Foods Cp A ,0.1512
SENS,Senseonics Holdings ,-0.3558
SF,Stifel Financial Corp ,-0.0726
SFBS,Servisfirst Bancs ,-0.0217
SFL,Ship Finance International ,0.3117
SFM,Sprouts Farmers Market ,0.0815
SFNC,Simmons First Natl ,-0.1589
SFST,Southern First Bancs ,-0.2304
SGEN,Seagen Inc ,-0.0316
SGMO,Sangamo Therapeutics ,-0.2987
SGMS,Scientific Games ,-0.1083
SGRY,Surgery Partners CS ,0.0457
SHAK,Shake Shack Inc ,-0.1404
SHEN,Shenandoah Telecom ,-0.0678
SHO,Sunstone Hotel Investors ,0.0153
SHOO,Steven Maddens Ltd ,-0.1214
SHW,Sherwin-Williams Company ,-0.2819
SIEN,Sientra Inc ,-0.4578
SIG,Signet Jewelers Ltd ,-0.1089
SIGI,Selective Ins Group ,0.047
SIRI,Sirius XM Holdings ,0.0173
SITE,Siteone Landscape Supply ,-0.3933
SIVB,Svb Financial Group ,-0.2524
SIX,Six Flags Entertainment Corp ,-0.0284
SJI,South Jersey Industries ,0.3231
SJW,SJW Corp ,-0.128
SKT,Tanger Factory Outlet Centers ,-0.096
SKX,Skechers U.S.A. ,-0.0836
SKY,Skyline Corp ,-0.3496
SKYW,Skywest Inc ,-0.2491
SLAB,Silicon Labs Inc ,-0.357
SLB,Schlumberger N.V. ,0.4441
SLCA,U.S. Silica Holdings Inc ,1.1734
SLG,SL Green Realty Corp ,0.0423
SLGN,Silgan Holdings ,0.0607
SLM,SLM Corp ,-0.1454
SLP,Simulations Plus Inc ,0.0767
SM,Sm Energy Company ,0.4026
SMBC,Southern MO Bancorp ,-0.1236
SMBK,Smartfinancial Inc ,-0.087
SMG,Scotts Miracle-Gro Company ,-0.2932
SMP,Standard Motor Products ,-0.1955
SMTC,Semtech Corp ,-0.3047
SNA,Snap-On Inc ,-0.0196
SNDX,Syndax Pharma ,-0.1713
SNPS,Synopsys Inc ,-0.2001
SNV,Synovus Financial Corp ,-0.0495
SNX,Synnex Corp ,-0.1187
SO,Southern Company ,0.108
SON,Sonoco Products Company ,0.0981
SP,SP Plus Corp ,0.0606
SPG,Simon Property Group ,-0.1996
SPGI,S&P Global Inc ,-0.1787
SPLK,Splunk Inc ,0.1905
SPNE,Seaspine Holdings ,-0.2115
SPNS,Sapiens Intl Cp NV ,-0.2697
SPPI,Spectrum Pharma Inc ,-0.2361
SPR,Spirit Aerosystems Holdings ,0.0729
SPSC,Sps Commerce Inc ,-0.1245
SPTN,Spartannash Company ,0.3455
SPWH,Sportsman's Wareh ,-0.0941
SPWR,Sunpower Corp ,-0.0225
SPXC,SPX Corp ,-0.2505
SR,Spire Inc ,0.1575
SRC,Spirit Realty Capital Inc ,-0.0452
SRCL,Stericycle Inc ,-0.0714
SRDX,Surmodics Inc ,-0.1184
SRE,Sempra ,0.2946
SRG,Seritage Growth Properties ,-0.1002
SRI,Stoneridge Inc ,-0.0096
SRNE,Sorrento Therpt ,-0.5935
SRPT,Sarepta Therapeutics ,-0.0955
SSB,Southstate Corp ,-0.0292
SSD,Simpson Manufacturing Company ,-0.2431
SSNC,SS&C Technologies ,-0.133
SSTK,Shutterstock Inc ,-0.265
ST,Sensata Technologies Holding N.V. ,-0.2318
STAA,Staar Surgical Company ,-0.3221
STAG,Stag Industrial Inc ,-0.1678
STBA,S&T Bancorp Inc ,-0.1129
STC,Stewart Information Services Corp ,-0.3484
STE,Steris Corp ,0.0043
STLD,Steel Dynamics Inc ,0.4229
STNG,Scorpio Tankers Inc ,0.7721
STOR,Store Capital Corp ,-0.1346
STRA,Strayer Education ,0.25
STRL,Sterling Constructio ,0.0042
STT,State Street Corp ,-0.1848
STWD,Starwood Property Trust ,-0.0037
SUI,Sun Communities ,-0.1162
SUM,Summit Materials Inc ,-0.2775
SWK,Stanley Black & Decker Inc ,-0.2561
SWKS,Skyworks Solutions ,-0.2411
SWM,Schweitzer-Mauduit International ,-0.1247
SWN,Southwestern Energy Company ,0.7575
SWX,Southwest Gas Corp ,0.192
SXC,Suncoke Energy Inc ,0.4492
SXI,Standex International Corp ,-0.115
SXT,Sensient Technologies Corp ,-0.1761
SYBT,Stock Yards Bancorp ,-0.1835
SYF,Synchrony Financial ,-0.1873
SYK,Stryker Corp ,-0.0214
SYNA,Synaptics Inc ,-0.4721
SYRS,Syros Pharmaceuticals ,-0.722
SYY,Sysco Corp ,0.0983
TA,Travelcenters of America Llc ,-0.247
TBBK,The Bancorp Inc ,-0.0032
TBI,Trueblue Inc ,0.0202
TBK,Triumph Bancorp ,-0.3639
TBPH,Theravance Bio Ord ,-0.1014
TCBI,Texas Capital Bncsh ,-0.0767
TCBK,Trico Bancshares ,-0.0992
TCMD,Tactile Systems Technology Inc ,-0.0037
TCS,The Container Store Group Inc ,-0.1703
TCX,Tucows Inc Cl A ,-0.2225
TDC,Teradata Corp ,0.0756
TDG,Transdigm Group Inc ,0.0035
TDOC,Teladoc Health Inc ,-0.2901
TDS,Telephone and Data Systems ,0.0228
TDW,Tidewater Inc ,1.1363
TDY,Teledyne Technologies Inc ,0.0992
TEN,Tenneco Automotive ,0.5973
TER,Teradyne Inc ,-0.3517
TEX,Terex Corp ,-0.208
TFSL,Tfs Financial Corp ,-0.141
TFX,Teleflex Inc ,0.0248
TG,Tredegar Corp ,0.0508
TGH,Textainer Group Holdings ,-0.0182
TGI,Triumph Group ,0.374
TGNA,Tegna Inc ,0.2091
TGT,Target Corp ,0.0249
TGTX,Tg Therapeuticscmn ,-0.5342
THC,Tenet Healthcare Corp ,0.0405
THG,The Hanover Insurance Group ,0.1492
THO,Thor Industries ,-0.2292
THR,Thermon Group Holdings Inc ,-0.0626
THS,Treehouse Foods ,-0.168
TIPT,Tiptree Fncl Cl A ,-0.1179
TITN,Titan Machinery Inc ,-0.2312
TJX,TJX Companies ,-0.174
TKR,Timken Company ,-0.1491
TLYS,Tilly's Inc ,-0.4395
TMHC,Taylor Morrison Home Corp ,-0.2326
TMO,Thermo Fisher Scientific Inc ,-0.1474
TMP,Tompkinstrustco ,-0.0794
TMST,Timken Steel Corp ,0.3739
TMUS,T-Mobile US ,0.1464
TNC,Tennant Company ,-0.1204
TNDM,Tandem Diabetes Care ,-0.2339
TNET,Trinet Group Inc ,0.0078
TNXP,Tonix Pharm Holdings ,-0.4747
TOL,Toll Brothers Inc ,-0.3621
TOWN,Towne Bank ,-0.0823
TPB,Turning Point Brands ,-0.1795
TPC,Tutor Perini Corp ,-0.1665
TPH,Tri Pointe Homes Inc ,-0.2858
TPIC,Tpi Composites Inc ,-0.1397
TPX,Tempur-Pedic International Inc ,-0.3915
TR,Tootsie Roll Industries ,0.005
TRC,Tejon Ranch Company ,0.0058
TREX,Trex Company ,-0.5483
TRGP,Targa Resources ,0.5054
TRHC,Tabula Rasa Healthcare Inc ,-0.7033
TRIP,Tripadvisor Inc ,-0.0158
TRMB,Trimble Navigation ,-0.2262
TRMK,Trustmark Corp ,-0.0878
TRN,Trinity Industries ,0.051
TRNO,Terreno Realty Corp ,-0.1327
TRNS,Transcat Inc ,-0.1611
TROW,T Rowe Price Group ,-0.2933
TROX,Tronox Inc ,-0.1993
TRS,Trimas Corp ,-0.1538
TRST,Trustco Bank Corp NY ,-0.0763
TRTN,Triton International Ltd ,0.0281
TRU,Transunion ,-0.2099
TRUP,Trupanion Inc ,-0.386
TRV,The Travelers Companies Inc ,0.1778
TSC,Tristate Capital Holdings ,0.1206
TSCO,Tractor Supply Company ,-0.0435
TSLA,Tesla Inc ,-0.0679
TSN,Tyson Foods ,0.0951
TTC,Toro Company ,-0.1654
TTD,Trade Desk Inc ,-0.3062
TTEC,Teletech Hlds ,-0.1089
TTEK,Tetra Tech Inc ,-0.1241
TTGT,Techtarget Inc ,-0.2248
TTI,Tetra Technologies ,0.4894
TTMI,TTM Technologies ,-0.0872
TTWO,Take-Two Interactive ,-0.2237
TUP,Tupperware Corp ,0.3048
TVTY,Tivity Health ,0.2201
TWI,Titan International ,0.354
TWLO,Twilio ,-0.4794
TWO,Two Harbors Invt Corp ,-0.1092
TWTR,Twitter Inc ,0.043
TXMD,Therapeuticsmd Inc ,-0.184
TXN,Texas Instruments ,-0.0786
TXRH,Texas Roadhouse Inc ,-0.0833
TXT,Textron Inc ,-0.1108
TYL,Tyler Technologies ,-0.2475
UAA,Under Armour ,-0.2421
UAL,United Airlines Holdings Inc ,0.0308
UBA,Urstadt Biddle Properties Inc ,-0.1404
UBSI,United Bkshs Inc ,-0.0582
UCBI,United Comm Banks ,-0.1363
UCTT,Ultra Clean Holdings ,-0.4116
UDR,United Dominion Realty Trust ,-0.0402
UE,Urban Edge Properties ,0.01
UEC,Uranium Energy ,0.9104
UEIC,Universal Elect IN ,-0.2667
UFCS,United Fire Group ,0.276
UFPI,Universal Forest Prd ,-0.204
UFPT,U F P Tech Inc ,0.0376
UGI,Ugi Corp ,-0.2217
UHS,Universal Health Services ,0.1657
UHT,Universal Health Realty Income Trust ,-0.016
UIS,Unisys Corp ,-0.0992
ULTA,Ulta Beauty Inc ,0.008
UMBF,Ump Financial Corp ,-0.1219
UMH,Umh Properties ,-0.1186
UMPQ,Umpqua Holdings Corp ,-0.0722
UNF,Unifirst Corp ,-0.1851
UNFI,United Nat Foods ,-0.0982
UNH,Unitedhealth Group Inc ,0.0651
UNM,Unumprovident Corp ,0.3333
UNP,Union Pacific Corp ,-0.0227
UNVR,Univar Inc ,0.0864
UPLD,Upland Software Inc ,-0.1003
UPS,United Parcel Service ,-0.1228
URBN,Urban Outfitters Inc ,-0.1124
URG,Ur Energy Inc ,0.5082
URI,United Rentals ,-0.0037
USB,U.S. Bancorp ,-0.0616
USFD,US Foods Holding ,0.0488
USM,United States Cellular Corp ,0.0251
USNA,Usana Health Sciences Inc ,-0.1886
USPH,U.S. Physical Therapy ,0.1183
UTHR,United Therapeutic ,-0.1119
UTL,Unitil Corp ,0.1109
UTMD,Utah Medical Prod ,-0.1116
UVE,Universal Insurance Holdings Inc ,-0.2624
UVSP,Univest Corp of Penn ,-0.1644
UVV,Universal Corp ,0.0739
V,Visa Inc ,-0.0181
VBIV,Vbi Vaccines Inc CS ,-0.3376
VBTX,Veritex Holdings ,-0.1302
VC,Visteon Corp ,-0.1493
VCEL,Vericel Corproation ,-0.0646
VCYT,Veracyte Inc ,-0.4138
VEC,Vectrus Inc ,-0.1405
VECO,Veeco Instrument ,-0.1626
VEEV,Veeva Systems Inc ,-0.2506
VFC,V.F. Corp ,-0.2325
VG,Vonage Holdings ,-0.0303
VGR,Vector Group Ltd ,0.1159
VIAV,Viavi Solutions ,-0.1663
VICR,Vicor Cp ,-0.5242
VIRT,Virtu Financial Cm A ,0.2882
VKTX,Viking Thera ,-0.4
VLO,Valero Energy Corp ,0.3961
VLY,Valley National Bancorp ,-0.1011
VMC,Vulcan Materials Company ,-0.1581
VMI,Valmont Industries ,-0.0391
VMW,Vmware Inc ,-0.0186
VNDA,Vanda Pharmaceuticals ,-0.276
VNO,Vornado Realty Trust ,-0.0105
VOYA,VOYA Financial Inc ,0.0189
VPG,Vishay Precision Group ,-0.1463
VRAY,Viewray Inc ,-0.3684
VREX,Varex Imaging Corp ,-0.3429
VRNS,Varonis Systems Inc ,0.017
VRNT,Verint Systems Inc ,0.0099
VRSK,Verisk Analytics Inc ,-0.0675
VRSN,Verisign Inc ,-0.1514
VRTS,Virtus Inv Partners ,-0.3167
VRTV,Veritiv Corp ,0.1261
VRTX,Vertex Pharmaceutic ,0.3113
VSAT,Viasat Inc ,0.0406
VSEC,V S E Cp ,-0.3105
VSH,Vishay Intertechnology ,-0.171
VSTO,Vista Outdoor Inc ,-0.2138
VTGN,Vistagen Therap. Com ,-0.1692
VTR,Ventas Inc ,0.1868
VUZI,Vuzix Corp ,-0.3633
VVI,Viad Corp ,-0.1912
VVV,Valvoline Inc ,-0.1805
VZ,Verizon Communications Inc ,0.036
W,Wayfair Inc ,-0.4303
WAB,Wabtec Corp ,-0.0319
WABC,Westamerica Bancorp ,0.0227
WAFD,Washington Federal ,-0.0554
WAL,Western Alliance Bancorp ,-0.2972
WASH,Washington TR Bncorp ,-0.1346
WAT,Waters Corp ,-0.2072
WBA,Walgreens Boots Alliance ,-0.1409
WBS,Webster Financial Corp ,-0.0963
WCC,Wesco International ,-0.0638
WD,Walker & Dunlop ,-0.1363
WDAY,Workday Inc ,-0.1776
WDC,Western Digital Cp ,-0.2894
WDFC,W D 40 Company ,-0.2265
WEC,Wisconsin Energy Corp ,0.063
WEN,Wendys Company ,-0.1241
WERN,Werner Enterprise ,-0.2188
WETF,Wisdomtree Investments Inc ,-0.0016
WEX,Wex Inc ,0.2356
WFC,Wells Fargo & Company ,-0.034
WGO,Winnebago Industries ,-0.2539
WHR,Whirlpool Corp ,-0.2732
WINA,Winmark Corp ,-0.1041
WING,Wingstop Inc ,-0.4102
WIX,Wix.com Ltd ,-0.4313
WK,Workiva Llc ,-0.169
WKHS,Workhorse Grp ,-0.1812
WLDN,Willdan Group Inc ,-0.2
WLK,Westlake Corp ,0.2613
WLL,Whiting Petroleum Corp ,0.2896
WM,Waste Management ,-0.0464
WMB,Williams Companies ,0.3641
WMK,Weis Markets ,0.2128
WMT,Walmart Inc ,0.0856
WNC,Wabash National Corp ,-0.3248
WOR,Worthington Industries ,-0.0192
WPC,W.P. Carey & Co. Llc ,0.0134
WRB,W.R. Berkley Corp ,0.242
WRE,Washington Real Estate Investment ,-0.0271
WRK,Westrock Company ,0.1256
WRLD,World Acceptance Cp ,-0.1919
WSBC,Wesbanco Inc ,-0.0457
WSBF,Waterstone Financial ,-0.1404
WSFS,WSFS Financial Corp ,-0.1664
WSM,Williams-Sonoma ,-0.1191
WSR,Whitestone REIT ,0.2971
WST,West Pharmaceutical Services ,-0.1872
WTBA,West Bancorp ,-0.1761
WTFC,Wintrust Financial Corp ,-0.0244
WTI,W&T Offshore ,0.3622
WTM,White Mountains Insurance Group ,0.0582
WTS,Watts Water Technologies ,-0.3244
WU,Western Union Company ,0.0622
WWD,Woodward Inc ,0.0699
WWE,World Wrestling Entertainment ,0.2163
WWW,Wolverine World Wide ,-0.2322
WY,Weyerhaeuser Company ,-0.0311
WYNN,Wynn Resorts Ltd ,-0.1302
X,United States Steel Corp ,0.5556
XEL,XCEL Energy Inc ,0.0981
XHR,Xenia Hotels & Resorts Inc ,0.0552
XNCR,Xencor Inc ,-0.3347
XPO,Xpo Logistics Inc ,-0.2667
XRX,Xerox Corp ,-0.1701
XYL,Xylem Inc ,-0.2984
YELP,Yelp Inc ,-0.0513
YORW,York Water Company ,-0.1659
YUM,Yum! Brands ,-0.1144
YUMC,Yum China Holdings Inc ,-0.1605
Z,Zillow Group Cl C ,-0.2418
ZBH,Zimmer Biomet Holdings ,-0.0082
ZBRA,Zebra Technologies ,-0.3386
ZEN,Zendesk Inc ,0.2002
ZION,Zions Bancorp ,-0.0038
ZNGA,Zynga Inc Cl A ,0.3969
ZTS,Zoetis Inc Cl A ,-0.2325
ZUMZ,Zumiez Inc ,-0.1792